{
    "contrast_indices": [
        44,
        39,
        33,
        10,
        13,
        29,
        27,
        3,
        47,
        1,
        16,
        6,
        49,
        28,
        26,
        18,
        19,
        41,
        4,
        24,
        30,
        31,
        12,
        45,
        35,
        22,
        11,
        38,
        43,
        46
    ],
    "statistic": [
        1.268798828125,
        3.216796875,
        21.772705078125,
        0.6337890625,
        3.5517578125,
        50.534912109375,
        1.0126953125,
        2.177734375,
        0.93896484375,
        0.609375,
        2.3642578125,
        1.7763671875,
        3.218505859375,
        2.3349609375,
        2.36669921875,
        2.19677734375,
        1.545166015625,
        2.171630859375,
        40.56884765625,
        18.696533203125,
        4.84765625,
        36.74609375,
        1.853759765625,
        0.6962890625,
        2.114990234375,
        0.93701171875,
        108.028076171875,
        1.097412109375,
        4.589599609375,
        4.466796875,
        18.270263671875,
        5.683349609375,
        1.57080078125,
        105.18701171875,
        86.01318359375,
        3.849365234375,
        41.521728515625,
        2.992919921875,
        3.095703125,
        1.96240234375,
        21.018310546875,
        2.2646484375,
        1.924072265625,
        5.726318359375,
        34.5673828125,
        0.870361328125,
        3.315185546875,
        1.564453125,
        1.561767578125,
        47.10400390625
    ],
    "statistic_contrast": [
        1.048095703125,
        2.771484375,
        3.031982421875,
        0.62841796875,
        3.53515625,
        2.014892578125,
        1.80615234375,
        1.827880859375,
        2.936767578125,
        1.771484375,
        5.171142578125,
        3.05419921875,
        3.318115234375,
        3.369384765625,
        0.5927734375,
        0.686279296875,
        1.8818359375,
        3.990966796875,
        2.482421875,
        1.07177734375,
        1.40771484375,
        1.54345703125,
        2.06884765625,
        1.662109375,
        2.9033203125,
        2.25341796875,
        3.23828125,
        3.336181640625,
        1.068115234375,
        1.566650390625
    ],
    "chi_squared": [
        0.1847582010324728,
        0.034709131203262196,
        3.9306376632249653e-08,
        0.3485804217823134,
        0.026489471307636438,
        5.763682281891484e-17,
        0.23607270786294954,
        0.08229516641684356,
        0.25390627592826476,
        0.3580352128313381,
        0.0702333892572622,
        0.11658804637411324,
        0.03466102546804858,
        0.07199484815306265,
        0.07008869927852515,
        0.08096716269008017,
        0.1433098128858345,
        0.08272576823593229,
        6.413133881877318e-14,
        3.560660997287747e-07,
        0.009532273946373696,
        9.51891754723099e-13,
        0.10891759723095616,
        0.32586477179851014,
        0.08683990439987317,
        0.2544007080317024,
        1.957490381754547e-34,
        0.21741739541645147,
        0.011655483204238473,
        0.012830766256071912,
        4.83646156934919e-07,
        0.005001778258323657,
        0.14003338453737527,
        1.4212049708971266e-33,
        9.281383485548668e-28,
        0.02088511874710883,
        3.27602035495215e-14,
        0.041657446343682604,
        0.03830210155745942,
        0.09906900763047304,
        6.741704230921171e-08,
        0.07641866658402928,
        0.1024276935894603,
        0.004839760081671438,
        4.438410232138001e-12,
        0.27201109912605664,
        0.032049951305349406,
        0.14083677744514247,
        0.14117823188966697,
        6.432085548908468e-16
    ],
    "p_value": [
        0.8291199089578012,
        0.2632766392115117,
        3.3997185080709654e-07,
        0.9754512271097073,
        0.20721572256977003,
        9.60263107162213e-16,
        0.9026167883388333,
        0.5242180884220995,
        0.9206121136061234,
        0.9783673206998534,
        0.46733106779844236,
        0.6577440560315533,
        0.2629590206367501,
        0.47599651409959887,
        0.46661366942462784,
        0.51822999012541,
        0.7375937989734785,
        0.5261455312989554,
        5.550320759396233e-13,
        3.0797116079709837e-06,
        0.07950415085238415,
        8.233295880778844e-12,
        0.6311705818181554,
        0.9669794082444577,
        0.544215804830546,
        0.9210659998302185,
        -0.0,
        0.8800189437998573,
        0.09643177521294183,
        0.1056830292129471,
        4.183183846916058e-06,
        0.04244329852838174,
        0.7287855224621685,
        -0.0,
        -0.0,
        0.16686059993704264,
        2.832776166128175e-13,
        0.3079014044072303,
        0.28665986055155995,
        0.5943847457222372,
        5.831088021875635e-07,
        0.49721207627396913,
        0.6072787234054792,
        0.04109384966618668,
        3.83893984974793e-11,
        0.9358083898954064,
        0.24553664122913613,
        0.7309691973370084,
        0.731892574350567,
        5.761578642973267e-15
    ],
    "adjusted_p_value": [
        1.0,
        1.0,
        1.3938845883090958e-05,
        1.0,
        1.0,
        4.513236603662402e-14,
        1.0,
        1.0,
        1.0,
        1.0,
        1.0,
        1.0,
        1.0,
        1.0,
        1.0,
        1.0,
        1.0,
        1.0,
        2.4421411341343423e-11,
        0.00012010875271086836,
        1.0,
        3.540317228734903e-10,
        1.0,
        1.0,
        1.0,
        1.0,
        -0.0,
        1.0,
        1.0,
        1.0,
        0.0001589609861828102,
        1.0,
        1.0,
        -0.0,
        -0.0,
        1.0,
        1.2747492747576787e-11,
        1.0,
        1.0,
        1.0,
        2.332435208750254e-05,
        1.0,
        1.0,
        1.0,
        1.6123547368941305e-09,
        1.0,
        1.0,
        1.0,
        1.0,
        2.6503261757677025e-13
    ],
    "relevant_variables": [
        2,
        5,
        18,
        19,
        21,
        26,
        30,
        33,
        34,
        36,
        40,
        44,
        49
    ]
}