{
    "contrast_indices": [
        44,
        39,
        33,
        10,
        13,
        29,
        27,
        3,
        47,
        1,
        16,
        6,
        49,
        28,
        26,
        18,
        19,
        41,
        4,
        24,
        30,
        31,
        12,
        45,
        35,
        22,
        11,
        38,
        43,
        46
    ],
    "statistic": [
        106.917724609375,
        6.860595703125,
        107.60888671875,
        11.903564453125,
        146.54248046875,
        95.369384765625,
        8.837890625,
        10.947021484375,
        7.5966796875,
        7.33740234375,
        8.931640625,
        7.368408203125,
        12.251708984375,
        9.42333984375,
        8.331787109375,
        8.22265625,
        8.895263671875,
        7.743896484375,
        110.947509765625,
        170.5703125,
        144.758544921875,
        117.69873046875,
        10.132568359375,
        8.49169921875,
        11.691162109375,
        107.325927734375,
        214.88671875,
        9.659423828125,
        154.165283203125,
        11.185791015625,
        158.579833984375,
        13.85693359375,
        7.797119140625,
        202.30322265625,
        147.170654296875,
        8.552978515625,
        136.31982421875,
        8.55859375,
        10.30517578125,
        108.368408203125,
        104.86083984375,
        36.047119140625,
        9.70263671875,
        12.060791015625,
        125.509765625,
        7.402099609375,
        12.321533203125,
        9.2646484375,
        7.451171875,
        96.1630859375
    ],
    "statistic_contrast": [
        8.840576171875,
        8.02294921875,
        10.818115234375,
        8.13427734375,
        10.485107421875,
        11.862548828125,
        11.26611328125,
        6.218017578125,
        6.73095703125,
        10.9140625,
        9.819091796875,
        10.0166015625,
        8.422607421875,
        7.229248046875,
        5.22412109375,
        8.711181640625,
        6.83203125,
        9.775634765625,
        13.384033203125,
        10.749267578125,
        10.543701171875,
        11.08349609375,
        8.860595703125,
        7.205078125,
        8.20263671875,
        8.65087890625,
        13.00439453125,
        10.06103515625,
        8.3154296875,
        10.3671875
    ],
    "chi_squared": [
        6.524659082366087e-33,
        0.008605079861102703,
        4.041078599875484e-33,
        0.00026101775156453543,
        7.696933598305636e-45,
        1.954134793869264e-29,
        0.002185394387925589,
        0.0005065451599585961,
        0.0051662039437617765,
        0.0061833211607892815,
        0.0020478977148082143,
        0.006051849378761264,
        0.00020505393014196504,
        0.001456438154552593,
        0.0031037173401955867,
        0.0033476020467381362,
        0.0021001911081813896,
        0.004665034661033172,
        3.994584535170362e-34,
        4.50007309098993e-52,
        2.6505490764084677e-44,
        3.708102046242872e-36,
        0.000890826218811739,
        0.0027780740708301713,
        0.000302419311903712,
        4.916730901484282e-33,
        2.054243807356379e-65,
        0.0012365841821834727,
        3.9050398115096944e-47,
        0.00042928071538443657,
        1.8311050622933917e-48,
        6.739805138173297e-05,
        0.0044960720156009,
        1.2608451754558799e-61,
        4.979876530668472e-45,
        0.0026625447422276233,
        9.19695171749044e-42,
        0.0026522017699470717,
        0.0007903746076875294,
        2.387033689595396e-33,
        2.714824979312021e-32,
        1.4084319921736963e-11,
        0.0012000941275985412,
        0.00023406696980540079,
        1.6511852412446464e-38,
        0.005912157384702423,
        0.0001953659678859238,
        0.001625784283986924,
        0.0057144411272545236,
        1.1272666462083552e-29
    ],
    "p_value": [
        -0.0,
        0.9557167885178022,
        -0.0,
        0.08986044880323449,
        -0.0,
        -0.0,
        0.5457467324932644,
        0.16702301128991093,
        0.8455985803051148,
        0.8932378246437419,
        0.5226008141680172,
        0.8880205456682086,
        0.07129798639501841,
        0.4088571251121362,
        0.674112645097959,
        0.7016397367997783,
        0.5315392159247303,
        0.8148413972956909,
        -0.0,
        -0.0,
        -0.0,
        -0.0,
        0.27490339302328637,
        0.6333701720748329,
        0.1033542712577376,
        -0.0,
        -0.0,
        0.3600035864136656,
        -0.0,
        0.14347188011753417,
        -0.0,
        0.024017135586982402,
        0.8031513015243947,
        -0.0,
        -0.0,
        0.61772662501912,
        -0.0,
        0.6162940579502716,
        0.24812753524960512,
        -0.0,
        -0.0,
        5.079984404003973e-09,
        0.3515142542554036,
        0.08096787700445349,
        -0.0,
        0.8821982225996833,
        0.06804649673428931,
        0.4439362516246968,
        0.873437844908027,
        -0.0
    ],
    "adjusted_p_value": [
        -0.0,
        1.0,
        -0.0,
        1.0,
        -0.0,
        -0.0,
        1.0,
        1.0,
        1.0,
        1.0,
        1.0,
        1.0,
        1.0,
        1.0,
        1.0,
        1.0,
        1.0,
        1.0,
        -0.0,
        -0.0,
        -0.0,
        -0.0,
        1.0,
        1.0,
        1.0,
        -0.0,
        -0.0,
        1.0,
        -0.0,
        1.0,
        -0.0,
        0.7205140676094721,
        1.0,
        -0.0,
        -0.0,
        1.0,
        -0.0,
        1.0,
        1.0,
        -0.0,
        -0.0,
        1.5747951652412318e-07,
        1.0,
        1.0,
        -0.0,
        1.0,
        1.0,
        1.0,
        1.0,
        -0.0
    ],
    "relevant_variables": [
        0,
        2,
        4,
        5,
        18,
        19,
        20,
        21,
        25,
        26,
        28,
        30,
        33,
        34,
        36,
        39,
        40,
        41,
        44,
        49
    ]
}